"sample","species","basin","PC1","PC2","PC3"
"YP_ES1","Yellow Perch","Eastern",3.46671309448967,0.533066118091906,-0.454506966178947
"YP_ES2","Yellow Perch","Eastern",-0.228740023943322,-0.264714802273148,0.0600299771388873
"YP_ES3","Yellow Perch","Eastern",-1.89755165572067,-0.335087663547671,1.18654882509239
"YP_ES4","Yellow Perch","Eastern",1.84612192605874,-1.65887838652146,-0.0681184052231892
"YP_ES5","Yellow Perch","Eastern",0.400891086382994,-1.80229262194205,-0.606764462385951
"YP_EC1","Yellow Perch","East Central",0.274388487945767,1.47523650527268,3.70269456248368
"YP_EC2","Yellow Perch","East Central",1.85683706138012,-1.94466644180976,2.80103640628567
"YP_EC3","Yellow Perch","East Central",1.41593665998891,-1.63703339471194,5.04163275168784
"YP_EC4","Yellow Perch","East Central",-1.91245715867839,-1.90715637636413,5.06273399762052
"YP_EC5","Yellow Perch","East Central",3.13157921702552,2.28252247634606,4.38344573496805
"YP_WC1","Yellow Perch","West Central",-1.36476400145779,3.26537371863906,-2.1556772720793
"YP_WC2","Yellow Perch","West Central",-3.43806418318232,-0.499321870474864,-1.00698078650043
"YP_WC3","Yellow Perch","West Central",-2.88613443391949,0.238037712514184,-0.601159190948634
"YP_WC4","Yellow Perch","West Central",-3.71911019764766,0.218510735427788,-0.416725052395865
"YP_WC5","Yellow Perch","West Central",-4.21478614329018,-0.273812581833021,0.442374966245238
"YP_WE1","Yellow Perch","Western",-1.46294962934797,-1.07436988801,0.13806899497385
"YP_WE2","Yellow Perch","Western",3.13007624836613,0.66321571302292,-1.67814501189447
"YP_WE3","Yellow Perch","Western",0.782332593670083,-0.86182964980634,-1.95153550090739
"YP_WE4","Yellow Perch","Western",-0.427384943814654,-0.925086819532668,-0.600053497877233
"YP_WE5","Yellow Perch","Western",-0.464703444789808,-0.575555139631491,0.499431557440696
"YP_WE6","Yellow Perch","Western",0.295548604344275,-0.641176187052621,-1.78419565948562
"YP_WE7","Yellow Perch","Western",-1.14564395516063,-1.30732179985591,0.341562675209706
"GS_ES1","Gizzard Shad","Eastern",2.80045372778668,-1.1590009220069,-0.54429369984689
"GS_ES2","Gizzard Shad","Eastern",2.29571869669187,-0.617744316924155,-0.321639663692877
"GS_ES3","Gizzard Shad","Eastern",3.35111949488804,0.791097388356089,-0.952935029681428
"GS_ES4","Gizzard Shad","Eastern",5.20132633182427,2.13038034887313,-1.18023798989978
"GS_ES5","Gizzard Shad","Eastern",4.26324067614451,1.95488869788369,-0.575525211932955
"GS_EC1","Gizzard Shad","East Central",-1.26180749886386,2.38040135010772,0.165050608735287
"GS_EC2","Gizzard Shad","East Central",-2.08937945735673,2.13327016677618,-0.0448009083622504
"GS_EC3","Gizzard Shad","East Central",-2.7662839908876,0.915625173941443,-0.798427990065827
"GS_EC4","Gizzard Shad","East Central",-3.26442782213962,0.707117229466129,-0.571758821093953
"GS_EC5","Gizzard Shad","East Central",-1.43381345382682,2.05716553759148,0.599559292185994
"GS_WC1","Gizzard Shad","West Central",-0.359663936438805,2.13005419462192,0.0101792223228268
"GS_WC2","Gizzard Shad","West Central",-1.27025124828123,1.66187975290786,-0.226437262703346
"GS_WC3","Gizzard Shad","West Central",-4.25623662201621,-0.355816541297479,-0.896744970735749
"GS_WC4","Gizzard Shad","West Central",-2.98725861697429,0.8966933941818,-0.252449809659957
"GS_WC5","Gizzard Shad","West Central",-1.12752922923213,2.45659269361958,0.700375434898824
"GS_WE1","Gizzard Shad","Western",2.28161112339548,3.12309182382616,-0.709814393864936
"GS_WE2","Gizzard Shad","Western",0.694077476484282,-1.2004982999504,-2.1214171046316
"GS_WE3","Gizzard Shad","Western",0.900142524487353,-0.979020540065735,-0.652724514530228
"GS_WE4","Gizzard Shad","Western",0.0530694496228814,-1.19913647698259,0.56913373941754
"GS_WE5","Gizzard Shad","Western",2.04495148291222,-1.05698069722355,3.9594606565036
"GS_WE6","Gizzard Shad","Western",-0.221625085917427,-1.98998635046737,-1.48467038409188
"GS_WE7","Gizzard Shad","Western",0.580755482946126,-1.84394889907361,1.3558912502613
"GS_WE8","Gizzard Shad","Western",4.314109623245,2.95319858903806,-0.929860478643429
"FD_ES1","Freshwater Drum","Eastern",0.246587491331311,-0.933463078313644,-1.26478447579178
"FD_ES2","Freshwater Drum","Eastern",2.75868004872684,0.405816297094775,-0.588710055433234
"FD_ES3","Freshwater Drum","Eastern",2.24198179749146,4.40744717487009,0.177040486487414
"FD_ES4","Freshwater Drum","Eastern",1.23259343137213,-2.93985821077006,-2.52445472086428
"FD_ES5","Freshwater Drum","Eastern",1.35668684757088,-1.93202093927097,-2.09836561939408
"FD_EC1","Freshwater Drum","East Central",2.95093553070367,2.50060862782865,-0.743430540304961
"FD_EC2","Freshwater Drum","East Central",-1.74105194727998,0.864469161872805,0.413064213683108
"FD_WC1","Freshwater Drum","West Central",-2.14765892845091,1.15745657460339,0.297443651760106
"FD_WC2","Freshwater Drum","West Central",-0.270168368624251,3.10097405223854,1.41575842458357
"FD_WC3","Freshwater Drum","West Central",-2.5373999245134,1.16645661526517,0.0835031173334836
"FD_WC4","Freshwater Drum","West Central",-2.86210742110773,1.04035235071045,-0.070393688618374
"FD_WC5","Freshwater Drum","West Central",-2.43166525742211,0.575613817082681,-0.864866332758595
"FD_WE1","Freshwater Drum","Western",-3.42218825747293,-0.45458313014688,-1.16582937021096
"FD_WE2","Freshwater Drum","Western",-1.7978587515225,1.15818460375134,0.560681377363996
"FD_WE3","Freshwater Drum","Western",-2.33600542121794,0.486683455943951,-0.104409358029115
"FD_WE4","Freshwater Drum","Western",-0.632658431024741,-0.0675605829324317,1.54241075559096
"WE_ES1","Walleye","Eastern",0.802691657665798,-0.179735889021275,-1.87839363536724
"WE_ES2","Walleye","Eastern",0.451710897058439,-0.971091714513053,-1.15428543552796
"WE_ES3","Walleye","Eastern",0.0265702159859948,-0.301794482687119,-0.589434552028827
"WE_ES4","Walleye","Eastern",0.827380146327867,-2.32818382179915,0.458839594433055
"WE_ES5","Walleye","Eastern",2.14040352824692,-2.04294984537266,-1.27744566347896
"WE_EC1","Walleye","East Central",0.725176407796998,-0.88239248934054,-0.287604910066927
"WE_EC2","Walleye","East Central",1.07719509314506,-1.56301866834996,-1.32815841289377
"WE_EC3","Walleye","East Central",-1.70479184695523,-1.41914878571908,-0.634863661194113
"WE_EC4","Walleye","East Central",-1.72776595667604,0.0733385381981722,-0.695815250261053
"WE_EC5","Walleye","East Central",-0.00625991663474361,-1.24226521075579,-0.907255704048762
"WE_WC1","Walleye","West Central",1.09589966685754,-1.12132391051336,0.42640280667148
"WE_WC2","Walleye","West Central",-0.805275059615065,-1.71805163139545,-0.232185961753133
"WE_WC3","Walleye","West Central",3.09969993463065,-1.07001105653633,-1.19689369504083
"WE_WE1","Walleye","Western",-0.416605259049264,0.0444521870859422,1.44854220664037
"WE_WE2","Walleye","Western",0.627752493141972,-2.01941585674727,1.21045472647981
"WE_WE3","Walleye","Western",2.91103689053013,-0.865767395642265,1.64814834723258
"WE_WE4","Walleye","Western",-0.09152313222164,-0.662034265899154,1.60776708605554
"WE_WE5","Walleye","Western",-2.73791772607192,-0.471413340905302,-0.226788385982621
"WE_WE6","Walleye","Western",-2.07249160085066,-0.0332752435871093,0.130048709828151
"WE_WE7","Walleye","Western",-0.330586001509626,0.858258796227013,0.29235910041235
"WE_WE8","Walleye","Western",0.313569511622051,-0.834082975684202,0.250464667129908
"WE_WE9","Walleye","Western",2.44862371851242,-0.712494434692808,0.290604592271829
"WE_WE10","Walleye","Western",1.55636956230926,0.0688420546759156,0.149224950934025
