sample,Species,Basin,panh1,panh2,panh3,panh4,panh5,panh6,panh7,panh8,panh9,panh10,panh11,panh12,panh13,panh14,panh15,panh16,panh17,panh18,panh19,panh20,panh21,panh22,panh23,panh24,panh25,panh26,panh27,panh28,panh29,panh30,panh31,pash1,pash2,pash3,pash4,pash5,pash6,pash7,pash8,pash9,pash10,pash11,pash12,pash13,pash14,pash15,pash16,pash17,pash18,pash19,pash20,paoh1,paoh2,paoh3,paoh4
YP_ES1,Yellow Perch,Eastern,41,0,1069,0,1,0,233,0,1,292,11,0,18,0,2,0,1,0,0,0,0,1,0,5,0,7,12,1,0,1,0,0,4,6,1,1,1,4,0,0,4,15,16,0,0,0,0,0,0,0,0,0,0,1,1
YP_ES2,Yellow Perch,Eastern,74,3,2040,6,1,0,5648,2,6,76,202,0,39,3,5,5,1,0,0,4,0,0,0,58,247,78,16,0,23,1,0,0,1,9,2,1,1,3,0,7,14,27,33,0,0,0,0,0,0,0,0,0,1,1,0
YP_ES3,Yellow Perch,Eastern,72,0,6100,6,0,0,3717,3,0,45,341,0,22,1,4,10,2,0,0,8,1,0,1,18,733,17,22,0,24,1,0,1,6,21,1,2,2,3,0,2,14,57,42,0,0,0,0,0,0,0,0,0,3,2,1
YP_ES4,Yellow Perch,Eastern,154,180,3593,13,15,4,976,13,0,384,47,1,43,2,4,11,2,0,0,3,4,5,1,19,147,38,46,0,62,1,0,1,13,21,3,2,3,4,0,1,8,0,0,0,0,0,0,0,1,0,2,0,2,0,0
YP_ES5,Yellow Perch,Eastern,80,50,3766,0,5,3,504,6,0,226,11,0,19,1,0,4,0,0,0,1,1,0,0,6,116,13,88,0,6,0,0,4,20,22,0,0,1,0,0,3,0,0,0,0,0,0,0,0,0,0,0,0,0,0,0
YP_EC1,Yellow Perch,East Central,19,0,697,10,3,0,0,6,0,36,22,0,1,0,1,40,1,0,1,0,2,0,3,7,13,1,11,2,23,0,0,0,153,5,2,1,1,3,0,0,4,0,11,0,0,0,0,0,0,0,0,0,1100,0,0
YP_EC2,Yellow Perch,East Central,59,36,1028,16,9,0,2788,4,3,362,108,1,30,2,5,5,2,0,1,14,4,0,0,16,104,9,22,0,13,1,0,1,64,16,6,3,2,2,0,23,27,69,52,0,0,0,0,0,0,0,0,0,162,1,1
YP_EC3,Yellow Perch,East Central,19,23,614,11,2,0,117,3,0,31,42,0,51,362,10,12,1,0,2,25,10,0,2,14,41,4,27,0,34,0,0,1,222,4,4,1,2,2,1,41,12,45,0,0,0,0,0,0,0,0,0,0,666,0,1
YP_EC4,Yellow Perch,East Central,12,0,1492,25,0,0,191,26,0,222,76,0,36,1051,19,35,0,0,15,78,67,2,0,46,958,0,136,0,27,1,0,0,496,7,0,3,0,6,1,133,13,0,0,0,0,0,1,0,1,1,0,0,2013,0,0
YP_EC5,Yellow Perch,East Central,124,16,1922,58,26,0,74,216,14,7,120,0,8,4,34,96,15,0,2,2,6,0,2,34,0,3,22,8,62,0,0,2,383,30,19,23,15,11,1,0,136,288,244,0,0,0,3,0,1,0,0,0,3298,0,0
YP_WC1,Yellow Perch,West Central,0,3,97,2,2,0,7,1,0,0,7,0,2,72,1,3,0,0,1,1,0,1,16,81,211,72,71,2,274,6,3,0,0,14,37,0,0,0,0,0,0,0,0,59,0,52,0,13,26,0,0,89,46,0,0
YP_WC2,Yellow Perch,West Central,49,112,727,10,1,1,13,0,0,17,9,0,20,2,2,16,0,0,0,1,0,0,0,31,3415,27,2296,8,36,9,0,0,0,7,7,0,0,0,0,0,0,0,0,0,0,16,0,0,0,1,0,59,16,0,0
YP_WC3,Yellow Perch,West Central,65,316,747,1,0,3,55,0,0,31,14,0,26,15,4,41,0,0,1,4,0,0,0,133,2645,9,2914,21,0,12,0,0,10,7,27,4,0,0,1,0,14,0,0,0,0,0,15,0,16,7,0,135,66,0,1
YP_WC4,Yellow Perch,West Central,92,319,881,0,0,3,163,0,0,176,119,0,0,17,8,77,0,0,3,1,0,0,0,226,12646,5,9355,60,697,52,24,0,24,11,26,18,3,0,0,0,29,0,0,1949,0,14,6,0,4,0,0,190,109,0,0
YP_WC5,Yellow Perch,West Central,0,0,582,3,5,0,0,7,0,8,22,0,2,0,2,43,1,0,2,16,0,5,2,8,5822,0,2975,37,2,30,0,0,144,2,2,1,0,2,0,14,9,13,41,0,0,0,1,0,0,1,0,0,1459,0,28
YP_WE1,Yellow Perch,Western,407,71,47905,105,2,95,21042,0,5,1199,349,2,51,14,14,8,4,1,0,42,1,0,0,90,2497,103,1341,0,0,8,0,0,6,36,25,2,3,0,2,0,25,0,0,0,0,1,0,0,0,0,1,334,18,0,0
YP_WE2,Yellow Perch,Western,197,33,4754,0,0,34,882,18,0,41,21,1,50,0,2,0,0,0,0,0,0,0,0,46,1,44,112,0,0,1,0,0,12,11,10,6,7,8,0,0,26,28,33,0,0,0,0,0,1,0,0,0,9,0,0
YP_WE3,Yellow Perch,Western,176,90,7609,0,0,99,653,31,0,66,21,1,19,3,3,0,0,0,0,0,0,0,0,45,178,33,479,1,0,4,0,2,7,25,12,3,0,0,2,0,19,0,0,0,0,0,0,0,0,0,0,0,14,0,0
YP_WE4,Yellow Perch,Western,191,92,5636,12,11,40,483,48,0,142,64,2,18,8,3,9,0,0,0,4,0,0,0,60,753,39,461,0,0,1,0,12,16,19,25,5,0,6,0,0,26,0,0,0,0,0,1,0,0,0,0,744,20,0,0
YP_WE5,Yellow Perch,Western,199,8,7396,27,8,44,3389,0,14,0,104,0,21,0,3,3,0,0,2,7,5,0,0,23,633,37,215,0,0,4,0,1,9,11,9,4,4,2,0,0,27,113,41,0,0,0,0,0,0,0,0,73,8,15,1
YP_WE6,Yellow Perch,Western,136,23,1063,23,7,0,1162,0,9,5,9,0,0,2,0,0,0,0,0,0,0,0,0,9,89,15,147,0,0,0,0,1,16,6,0,2,1,4,0,0,9,0,0,0,0,0,0,0,0,0,0,0,1,0,0
YP_WE7,Yellow Perch,Western,460,80,10948,112,22,75,25771,7,14,319,1027,5,60,2,7,15,0,1,1,26,0,0,1,59,1947,69,466,0,12,5,0,5,10,15,13,6,3,5,0,0,40,137,105,189,0,0,0,0,0,0,0,63,17,4,0
GS_ES1,Gizzard Shad,Eastern,77,24,682,21,9,0,1294,1,1,34,1,0,8,0,2,2,1,0,2,1,0,0,0,10,7,7,20,0,0,1,0,0,12,8,3,1,0,2,0,0,7,14,42,74,0,0,0,0,0,1,0,17,50,0,0
GS_ES2,Gizzard Shad,Eastern,79,27,2522,86,3,0,1616,3,4,110,3,0,14,0,3,1,0,0,0,1,1,0,0,4,48,15,19,0,0,2,0,0,3,9,3,1,2,2,0,0,3,2,10,0,0,0,0,0,0,0,0,13,2,0,1
GS_ES3,Gizzard Shad,Eastern,65,19,453,12,2,0,496,3,0,28,2,0,11,1,3,3,0,0,0,0,0,0,0,3,2,19,32,0,0,1,0,0,12,4,4,1,1,3,0,0,6,15,91,29,0,0,0,0,0,0,0,12,2,0,1
GS_ES4,Gizzard Shad,Eastern,15,5,226,7,1,0,136,1,0,16,1,0,2,0,2,0,0,0,0,0,0,0,0,1,0,8,10,0,0,6,0,0,2,3,3,1,1,4,0,0,5,9,45,7,0,0,0,0,0,0,0,9,2,0,0
GS_ES5,Gizzard Shad,Eastern,141,71,2131,49,5,0,880,18,0,133,7,0,14,0,9,10,0,0,0,0,1,0,0,9,0,53,71,0,0,1,0,1,18,32,18,7,6,14,0,0,3,0,6,48,0,0,0,1,1,0,0,78,11,0,2
GS_EC1,Gizzard Shad,East Central,3,0,45,0,0,0,0,1,0,3,8,0,1,0,1,7,0,0,0,0,0,0,0,6,159,9,147,8,0,16,0,0,1,12,3,2,2,1,0,0,14,31,51,1,0,4,0,0,0,0,0,11,4,0,0
GS_EC2,Gizzard Shad,East Central,11,13,170,5,0,0,23,4,0,17,29,0,4,2,2,44,0,0,0,0,0,0,0,17,589,40,253,42,33,31,0,0,1,2,5,4,5,3,0,0,30,120,196,64,0,3,0,0,2,0,1,6,7,0,0
GS_EC3,Gizzard Shad,East Central,36,34,508,12,1,1,40,19,0,36,3,0,4,1,1,48,0,0,0,0,0,0,0,22,1568,56,1102,33,0,65,0,0,3,7,5,2,4,2,0,0,13,10,77,75,0,6,0,0,1,0,31,39,5,1,0
GS_EC4,Gizzard Shad,East Central,18,94,237,5,0,1,28,14,0,8,0,0,0,1,1,48,0,0,1,2,0,0,0,38,1945,37,854,34,0,18,0,0,12,6,6,2,2,4,0,14,0,0,39,0,0,8,0,0,4,1,15,1,10,1,1
GS_EC5,Gizzard Shad,East Central,5,3,81,1,0,0,0,0,0,4,11,0,3,1,1,8,0,0,0,0,0,0,0,0,169,4,97,11,0,34,0,0,3,1,3,2,3,1,0,0,14,37,51,0,0,6,0,0,0,0,0,10,6,0,0
GS_WC1,Gizzard Shad,West Central,4,2,60,2,1,0,1,0,0,5,7,0,3,0,1,4,0,0,0,0,0,0,0,4,105,6,43,6,16,25,0,0,0,2,4,2,2,0,0,0,13,24,32,8,0,7,0,0,0,0,1,9,4,0,0
GS_WC2,Gizzard Shad,West Central,7,6,99,2,1,0,5,1,0,5,23,0,4,1,1,14,0,0,0,0,0,0,0,17,323,20,95,12,5,29,0,0,0,10,4,3,4,2,0,0,28,83,152,56,0,10,0,0,0,0,2,10,6,1,0
GS_WC3,Gizzard Shad,West Central,10,110,128,0,0,0,69,41,0,16,0,0,0,0,0,40,0,0,0,3,0,0,0,83,8780,72,7671,10,0,47,29,0,14,8,0,0,0,0,0,0,0,0,0,0,0,0,34,8,0,2,0,0,0,0,0
GS_WC4,Gizzard Shad,West Central,17,20,286,6,2,0,20,0,0,6,19,0,3,2,1,14,1,0,0,0,0,0,0,3,743,0,360,14,0,35,0,0,0,2,3,2,2,1,0,0,13,44,55,302,0,2,0,0,4,0,0,11,4,1,0
GS_WC5,Gizzard Shad,West Central,5,3,50,1,0,0,0,0,0,7,19,0,3,1,1,12,0,0,0,0,0,0,0,2,159,8,48,12,20,3,0,0,1,1,3,3,4,1,0,0,23,88,113,19,0,7,0,0,0,0,0,10,4,0,0
GS_WE1,Gizzard Shad,Western,15,2,140,1,0,0,35,0,2,4,3,0,1,0,0,1,0,0,0,0,0,2,0,0,0,2,10,0,1,10,0,0,0,0,3,1,1,1,0,0,9,41,18,5,0,0,0,0,0,0,0,0,2,2,0
GS_WE2,Gizzard Shad,Western,243,92,1795,11,6,26,1192,5,7,15,29,0,18,0,0,0,0,0,0,0,0,0,0,12,96,20,143,1,0,0,0,1,15,8,7,2,0,4,0,0,16,11,26,0,0,0,0,0,0,0,0,0,6,0,0
GS_WE3,Gizzard Shad,Western,355,17,1037,21,10,10,2722,0,2,16,284,1,29,0,3,1,0,0,0,0,0,0,1,21,74,30,95,0,2,1,0,1,8,4,7,2,1,4,0,0,18,49,39,0,0,0,0,0,0,0,0,52,6,0,0
GS_WE4,Gizzard Shad,Western,694,72,35033,94,35,106,26748,14,0,747,1615,2,118,5,9,23,7,0,0,37,0,0,1,108,893,144,729,1,0,8,0,4,39,69,18,6,4,8,0,0,48,254,182,213,0,0,1,0,0,0,0,45,17,1,0
GS_WE5,Gizzard Shad,Western,13,11,1817,7,2,5,1204,1,1,0,61,0,10,0,4,1,0,0,2,3,8,3,0,2,34,2,26,0,0,3,0,0,1,1,3,2,3,3,0,1,17,55,33,15,0,0,0,0,0,0,0,18,3,7,1
GS_WE6,Gizzard Shad,Western,127,43,3216,21,10,0,699,9,0,0,31,0,11,0,0,0,0,0,0,2,0,5,0,8,189,23,152,0,11,5,0,3,6,10,0,1,0,1,0,0,3,0,0,0,0,0,0,0,0,0,0,0,0,0,0
GS_WE7,Gizzard Shad,Western,385,166,19281,70,14,21,29231,0,8,184,1243,5,77,0,56,4,1,1,2,22,6,22,0,49,509,67,290,0,5,21,0,2,10,8,8,2,6,3,0,31,41,140,127,81,0,0,0,0,0,0,0,140,8,14,3
GS_WE8,Gizzard Shad,Western,5,2,114,2,1,1,69,0,2,2,4,0,1,0,0,0,0,0,0,0,0,0,0,1,0,4,18,0,0,3,0,0,4,1,4,1,1,1,0,0,9,16,11,4,0,0,0,0,0,0,0,11,2,0,0
FD_ES1,Freshwater Drum,Eastern,380,31,17520,168,5,30,111,6,18,0,0,1,163,2,0,25,73,0,0,0,7,0,7,18,443,130,889,2,2,7,0,18,59,17,7,0,3,8,0,0,0,0,0,118,1,3,1,3,1,25,1,74,296,0,4
FD_ES2,Freshwater Drum,Eastern,31,16,406,32,3,2,41,2,14,0,0,0,0,0,2,1,0,0,4,0,1,0,1,4,9,14,94,0,0,10,0,0,15,3,4,0,1,0,0,0,2,52,38,124,0,1,0,0,0,22,0,41,173,3,0
FD_ES3,Freshwater Drum,Eastern,1,1,224,2,0,0,1,0,1,2,1,0,1,0,1,0,0,0,0,0,0,0,0,0,4,1,17,0,0,2,0,5,16,9,5,0,2,6,0,0,2,52,38,124,0,2,1,2,1,17,1,11,6,0,0
FD_ES4,Freshwater Drum,Eastern,248,307,5800,20,12,3,129,0,3,137,1,0,101,0,1,0,23,0,0,0,3,0,1,8,42,36,151,0,0,4,0,1,0,6,1,0,0,3,0,0,2,9,4,6,0,0,0,0,0,10,0,27,99,0,2
FD_ES5,Freshwater Drum,Eastern,148,63,3692,18,10,2,20,0,5,77,0,0,40,0,1,0,14,0,1,0,2,0,1,7,80,21,198,0,0,17,0,0,1,4,3,0,1,1,0,0,0,19,22,0,0,0,0,0,0,4,0,28,73,0,1
FD_EC1,Freshwater Drum,East Central,8,4,98,8,1,0,10,0,9,0,0,0,0,0,1,1,0,0,3,0,0,0,1,2,5,4,25,0,0,9,0,0,4,2,3,0,1,0,0,0,0,0,0,118,0,0,0,0,0,16,0,22,95,2,0
FD_EC2,Freshwater Drum,East Central,0,0,73,1,0,0,0,0,0,1,1,0,1,0,0,0,0,0,0,0,0,0,0,0,3,0,6,0,0,1,0,0,1,0,1,0,0,0,0,0,0,0,0,107,0,0,0,0,0,1,0,7,4,0,0
FD_WC1,Freshwater Drum,West Central,27,0,100,0,0,1,3,5,0,1,19,0,13,2,2,16,1,0,4,1,0,0,2,0,569,11,124,19,0,102,3,0,0,5,5,4,4,2,0,2,38,71,152,0,1,8,0,3,0,4,5,29,9,2,0
FD_WC2,Freshwater Drum,West Central,23,9,83,3,0,0,42,7,2,10,27,0,1,3,2,29,2,0,12,2,0,0,17,37,128,20,3,18,48,88,4,0,2,2,3,5,6,5,0,3,49,187,248,168,1,8,0,1,2,0,0,10,4,3,0
FD_WC3,Freshwater Drum,West Central,46,0,415,0,0,3,56,59,0,28,0,1,29,0,1,90,0,0,7,14,0,7,229,0,1516,80,100,17,0,74,0,0,7,16,20,3,5,7,0,33,64,0,0,0,7,74,22,26,10,30,0,266,43,32,4
FD_WC4,Freshwater Drum,West Central,33,11,292,5,0,0,16,4,1,32,17,0,3,3,2,12,0,0,1,1,0,0,31,7,848,3,128,9,0,100,0,0,1,3,5,4,2,2,0,3,35,82,65,0,9,10,0,2,4,0,0,19,8,2,0
FD_WC5,Freshwater Drum,West Central,55,33,714,0,0,3,23,22,0,115,0,0,84,0,3,17,0,0,3,6,0,0,124,0,2210,72,567,18,0,1471,0,0,3,27,18,4,3,4,0,8,46,10,0,0,7,20,7,3,9,0,0,7,13,1,8
FD_WE1,Freshwater Drum,Western,104,316,974,23,0,0,387,85,0,172,0,1,256,18,1,73,26,1,7,26,1,18,71,2,13173,475,24563,51,318,128,0,0,9,27,2,0,0,0,3,44,123,123,0,0,202,196,0,77,41,27,0,103,0,0,7
FD_WE2,Freshwater Drum,Western,42,8,146,4,0,0,0,7,14,14,15,0,13,2,2,21,0,0,0,2,0,0,14,2,464,4,125,13,132,210,0,0,2,8,3,3,5,3,0,3,707,1670,1955,2795,1,10,0,0,1,0,0,31,10,2,0
FD_WE3,Freshwater Drum,Western,65,68,543,29,0,1,75,60,4,28,0,0,23,1,2,106,0,0,0,4,1,0,120,0,1665,79,2015,29,0,83,0,0,5,13,8,3,4,11,0,13,1141,2833,3387,3294,46,41,0,1,0,0,0,0,33,1,0
FD_WE4,Freshwater Drum,Western,69,59,479,24,0,14,78,176,0,0,40,3,4,0,3,40,7,1,6,11,1,0,14,2,464,4,125,13,132,210,0,1,8,33,10,8,4,5,3,20,33,0,0,0,1,10,0,0,1,0,0,184,216,0,4
WE_ES1,Walleye,Eastern,148,73,5787,37,8,4,85,19,3,22,1,0,9,0,2,3,66,0,0,0,1,0,3,31,267,34,267,1,0,7,2,3,19,244,7,0,1,17,0,0,0,0,0,108,0,1,1,0,1,30,1,106,775,0,3
WE_ES2,Walleye,Eastern,172,59,5846,50,18,9,46,17,27,39,24,0,46,0,1,0,60,0,1,4,1,0,25,23,447,25,353,1,0,9,1,1,12,106,10,0,4,10,0,0,1,0,0,0,1,2,1,0,1,15,2,97,508,0,6
WE_ES3,Walleye,Eastern,67,17,3253,31,3,5,69,26,9,15,1,0,23,7,3,1,0,0,1,3,1,1,2,16,310,22,204,1,0,1,4,4,12,53,4,0,3,7,0,0,0,0,78,353,0,3,1,0,1,50,0,88,519,0,3
WE_ES4,Walleye,Eastern,136,100,3186,7,17,42,439,13,0,63,0,3,10,7,0,21,0,0,0,5,17,45,0,17,262,35,22,0,50,0,0,8,9,21,0,5,3,10,0,49,5,0,0,0,0,0,1,0,1,0,0,0,0,0,1
WE_ES5,Walleye,Eastern,171,266,6629,19,17,0,256,37,0,324,0,0,39,3,3,5,1,0,0,0,10,0,0,32,48,37,100,1,0,3,0,0,6,42,0,5,0,12,0,1,10,0,0,0,0,0,0,0,1,0,0,0,0,0,0
WE_EC1,Walleye,East Central,90,74,22321,14,1,0,862,12,6,60,2,0,17,0,3,2,0,0,0,3,1,0,0,0,178,21,397,0,0,2,0,0,17,18,3,2,1,4,0,0,6,0,0,0,0,0,0,0,0,0,0,1,3,2,1
WE_EC2,Walleye,East Central,203,119,11566,21,3,0,1599,14,4,36,6,1,18,0,4,0,0,0,0,2,1,0,0,2,196,39,343,0,0,1,0,0,2,9,4,2,3,7,0,0,9,0,1,0,0,0,0,0,0,0,0,0,1,1,1
WE_EC3,Walleye,East Central,125,89,20612,10,0,0,1062,8,2,240,15,1,28,0,4,2,0,0,0,5,1,0,0,2,895,23,484,0,0,2,1,0,0,6,6,2,0,6,0,0,9,0,14,0,0,0,0,0,0,0,0,8,3,0,1
WE_EC4,Walleye,East Central,26,9,1488,8,0,0,205,0,0,39,5,0,8,3,2,0,0,0,0,0,1,0,0,2,597,29,505,0,0,1,0,0,37,17,2,1,1,5,1,0,2,0,28,162,0,0,0,0,0,1,0,10,1,2,1
WE_EC5,Walleye,East Central,231,93,15595,19,2,2,5429,26,1,53,3,1,10,0,5,7,0,0,0,2,1,1,0,6,357,49,435,0,0,1,0,0,8,7,3,1,1,3,0,0,11,15,14,83,0,0,0,0,0,0,0,8,2,0,1
WE_WC1,Walleye,West Central,90,68,56315,13,3,0,1625,30,8,219,10,2,11,0,6,9,0,0,0,9,0,0,1,5,190,16,405,0,0,1,0,0,2,14,7,4,2,3,0,0,19,12,23,51,0,0,0,0,0,0,0,8,6,3,1
WE_WC2,Walleye,West Central,117,88,44909,14,3,1,2179,26,3,800,2,1,22,1,5,3,0,0,0,14,1,1,0,2,597,29,505,0,0,1,0,0,0,6,4,2,1,4,0,0,23,25,59,83,0,0,0,0,0,1,0,10,2,2,1
WE_WC3,Walleye,West Central,97,100,3376,77,23,11,569,39,0,16,13,2,60,10,6,4,1,0,0,1,0,0,0,13,117,71,165,0,0,1,3,2,14,41,4,3,6,9,1,0,28,16,105,0,0,0,0,0,0,26,0,34,11,5,2
WE_WE1,Walleye,Western,23,46,1358,2,11,2,42,9,0,262,0,0,21,2,4,29,3,0,1,0,2,0,0,4,312,0,9,0,2,1,0,1,114,6,4,1,2,3,0,0,8,58,9,0,0,0,2,0,0,0,0,0,269,0,2
WE_WE2,Walleye,Western,84,120,575,1,12,0,689,4,0,389,225,1,17,1,3,7,3,0,0,4,2,0,0,33,167,5,4,0,9,2,0,0,41,18,2,1,1,2,0,7,10,29,41,0,0,0,0,0,0,0,0,0,112,1,1
WE_WE3,Walleye,Western,17,50,1111,3,4,0,40,3,0,238,3,0,18,1,2,3,1,0,1,1,1,0,0,6,5,1,2,0,5,1,0,1,50,12,3,1,1,3,0,1,7,34,30,0,0,0,0,0,0,0,0,0,138,0,1
WE_WE4,Walleye,Western,30,0,1697,7,7,0,788,2,0,147,78,0,20,4,2,7,1,0,0,2,2,0,0,3,188,12,7,0,8,4,0,0,33,15,4,1,0,2,0,5,7,32,17,0,0,0,0,0,0,0,0,0,86,1,1
WE_WE5,Walleye,Western,63,15,10364,0,1,0,628,0,0,636,41,0,30,3,3,3,1,0,0,4,0,1,0,4,1494,7,12,0,5,9,0,0,3,6,2,1,2,4,0,0,6,27,44,0,0,0,0,0,0,0,0,0,2,4,1
WE_WE6,Walleye,Western,68,0,1138,0,1,5,315,2,0,436,14,0,26,2,3,6,3,0,0,1,1,0,0,7,805,13,16,0,0,3,1,0,8,5,1,1,4,4,0,0,14,50,41,0,0,0,0,0,0,0,0,0,0,5,3
WE_WE7,Walleye,Western,42,0,934,0,1,2,49,2,2,419,7,0,10,2,2,3,2,0,0,0,1,2,0,2,219,12,8,0,0,3,0,0,14,8,2,2,3,3,1,0,7,37,29,0,0,0,0,0,0,0,0,0,5,4,3
WE_WE8,Walleye,Western,55,43,1324,0,2,1,480,3,0,726,46,1,32,4,3,6,1,0,0,3,1,0,0,9,362,20,22,0,0,2,0,1,10,52,3,2,4,4,0,2,15,73,72,0,0,0,1,0,0,0,0,0,1,9,2
WE_WE9,Walleye,Western,44,16,1249,0,0,0,151,3,0,600,24,1,33,2,3,4,2,0,0,1,0,0,0,3,25,11,14,0,0,5,0,1,3,18,2,1,2,5,0,0,45,77,375,0,0,0,0,0,0,0,0,0,0,2,1
WE_WE10,Walleye,Western,19,10,348,0,0,0,235,1,0,16,5,0,17,0,1,2,0,0,0,0,0,0,0,1,13,1,4,0,1,0,0,0,7,4,2,1,0,4,0,0,4,7,34,0,0,0,0,0,0,0,0,7,1,0,0
